Title,ApplyLink
Home,https://freshershunt.in/citi-off-campus-drive-2026-2/
Medpace Off Campus Drive 2026: Entry Level Software Engineer,https://freshershunt.in/harman-intern-off-campus-drive-2026/
Wipro Internship 2026 Hiring Intern,https://freshershunt.in/genesys-off-campus-drive-2026/
Honeywell Off Campus Drive 2026 | Software Engineer I | Bengaluru — Apply Now,https://ibqbjb.fa.ocs.oraclecloud.com/hcmUI/CandidateExperience/en/sites/Honeywell/job/148841
Microsoft Internship 2026: Multiple Internship,https://freshershunt.in/accenture-off-campus-drive-2026-aiml-analyst/
Fiserv Internship 2026: Summer Intern,https://freshershunt.in/citi-off-campus-drive-2026-2/
Google Off Campus Drive 2026 Hiring Silicon Engineers | Bengaluru,https://freshershunt.in/microsoft-apprenticeship-2026/
EY Internship 2026: Hiring Data and Analytics Intern,https://freshershunt.in/microsoft-apprenticeship-2026/
Uber Off Campus Drive 2026 Hiring Freshers for Software Development Engineer I (Bangalore),https://freshershunt.in/microsoft-apprenticeship-2026/
Microsoft Apprenticeship 2026: Hiring Technology Consulting Apprentice | Apply Now!,https://freshershunt.in/lowes-internship-2026/
Lowe’s Internship 2026 | Hiring Intern, Software Engineering | Apply Now!,https://freshershunt.in/sopra-steria-off-campus-drive-2026/
Volvo Group Apprenticeship 2026: Hiring Graduate Apprentice Trainee,https://freshershunt.in/lowes-internship-2026/
Sopra Steria Off Campus Drive 2026 | Hiring Engineer Trainee – Apply Now!,https://freshershunt.in/citi-off-campus-drive-2026-2/
HPE Off Campus Drive 2026 | External Graduate | Bangalore (WFH) — Apply Now,https://careers.hpe.com/us/en/job/1194477/External-Graduate
HPE Internship 2026 | External Intern | Bangalore (WFH) — Apply Now,https://careers.hpe.com/us/en/job/1194475/External-Intern
Deloitte | Graduate Hiring – BE/BTech 2025 Passouts | Bangalore,https://freshershunt.in/honeywell-careers-software-engineer-hiring/
HARMAN Internship 2026 | Software Testing & Embedded C Intern | Bangalore — Apply Now,https://freshershunt.in/capgemini-off-campus-drive-2026-2/
Capgemini Off Campus Drive 2026: Hiring Associate Software Engineer,https://freshershunt.in/honeywell-careers-software-engineer-hiring/
Deloitte Off Campus Drive 2026 Hiring For Tech Internship -Mumbai,https://freshershunt.in/tjx-off-campus-drive-2026/
Shell Graduate Programme 2026 – India,https://freshershunt.in/tjx-off-campus-drive-2026/
TJX Off Campus Drive 2026: Hiring Engineer I | Apply Now!,https://freshershunt.in/citi-off-campus-drive-2026-2/
Wipro Off Campus Drive 2026 | Graduate Engineer Trainee | Gurugram, Noida — Apply Now,https://careers.wipro.com/job/Graduate-Engineer-Trainee/172373-en_US
Superset Careers 2026 – Graduate Career Fair – Multiple Roles (2024,2025),https://freshershunt.in/sp-global-apprentice-data-analyst-2026/
EY Off Campus Drive 2026 Hiring Associate Software Engineer | Across India,https://freshershunt.in/comcast-off-campus-drive-2026/
Comcast Off Campus Drive 2026 | Hiring Engineer 1 – Software Development | Apply Now!,https://freshershunt.in/cme-group-off-campus-drive-2026/
Citi Careers 2026 Hiring Junior Python Developer | Apply Now!,https://freshershunt.in/citi-off-campus-drive-2026/
Citi Off Campus Drive 2026: Hiring Technology Summer Analyst | Apply Now!,https://freshershunt.in/sense-internship-2026/
Sense Internship 2026 | Hiring Software Engineering Intern | Apply Now!,https://freshershunt.in/lowes-internship-2026/
Cornerstone Internship 2026 Hiring Intern,https://freshershunt.in/hpe-off-campus-drive-2026-2/
HPE Off Campus Drive 2026: Hiring UI/API Regression Test Engineer | Apply Now!,https://freshershunt.in/red-hat-off-campus-drive-2026/
Mega Walk-in Drives March 2026: Direct Interviews for Freshers!,https://www.naukri.com/job-listings-virtual-walk-in-for-ar-callers-freshers-ntt-data-ntt-data-inc-chennai-0-to-1-years-150326003815?src=cluster&sid=17735745497166893_1&xp=2&px=1&nignbevent_src=jobsearchDeskGNB
Red Hat Off Campus Drive 2026 | Hiring For Multiple Trainee Roles | Apply Now!,https://freshershunt.in/hpe-off-campus-drive-2026-2/
Equifax Off Campus Drive 2026 Hiring Software Engineer & Site Reliability Engineer – (Entry Level) | Pune & Trivandrum,https://freshershunt.in/ibm-careers-associate-system-engineer/
GE Aerospace Internship 2026: Engineering/Technology Intern,https://freshershunt.in/ibm-careers-associate-system-engineer/
IBM Careers 2026: is Hiring Freshers – Associate System Engineer | Apply Now!,https://freshershunt.in/philips-internship-2026/
Qualcomm Off Campus Drive 2026 | Hiring Software & Hardware Engineers | Apply Now!,https://freshershunt.in/fujitsu-off-campus-drive-2026/
Fujitsu Off Campus Drive 2026 | Apprentice – HR Operations | Bangalore — Apply Now,https://www.jobs.global.fujitsu.com/job/Bangalore-Apprentices%2C-Interns%2C-Industrial-Placements-KA/6190-en_US/
Cisco Off Campus Drive 2026 | Software Engineer (Cloud DevOps) | Bangalore — Apply Now,https://careers.cisco.com/global/en/job/2015541
ACI Worldwide Off Campus Drive 2026 | Hiring Associate Software Engineer | Apply Now!,https://freshershunt.in/qualcomm-off-campus-drive-2026/
Cognizant Off-Campus hiring for Analyst Trainee (Three-year full-time degree: 2024 or 2025 graduates),https://freshershunt.in/iqvia-off-campus-drive-2026/
Cognizant Off-Campus hiring for Analyst Trainee (Three-year full-time degree: 2026 graduates),https://freshershunt.in/iqvia-off-campus-drive-2026/
GE Appliances Internship 2026: Hiring Digital Technology Intern,https://freshershunt.in/wipro-off-campus-drive-2026-2/
Udemy Internship 2026: Hiring Software Engineering Intern,https://freshershunt.in/aci-worldwide-off-campus-drive-2026/
Synopsys Apprenticeship 2026: Hiring For Software Engineering Apprenticeship,https://freshershunt.in/honeywell-careers-software-engineer-hiring/
S&P Global Off Campus Drive 2026 Hiring freshers for Summer Interns,https://freshershunt.in/citi-off-campus-drive-2026-2/
Quest Global Internship 2026 Hiring Interns (Software Engineer Intern & AI Developer Intern) | Bengaluru,https://freshershunt.in/honeywell-careers-software-engineer-hiring/
Sasken Technologies Off Campus Drive 2026 Hiring freshers for Engineer – Software Test & Release,https://freshershunt.in/citi-off-campus-drive-2026-2/
Adobe Off Campus Drive Hiring Interns for 2026 Batch | Bangalore,https://freshershunt.in/citi-off-campus-drive-2026-2/
CGI Off Campus Drive 2026 Hiring Service Desk Technician L1 Support – Fresher,https://tinyurl.com/Google-Summer-Internship-2026
CGI Apprenticeship 2026 – Apprentice – Automation QA (Selenium, Java, Python),https://freshershunt.in/citi-off-campus-drive-2026-2/
Zoho Off Campus Drive 2026 Hiring Freshers for Application Security Engineer (Chennai),https://freshershunt.in/citi-off-campus-drive-2026-2/
Google Data Center Technician, Early Career, 2026 Starts,https://freshershunt.in/oracle-internship-2026/
Cisco Off Campus Drive 2026 Hiring freshers for Software Engineer – Internal Applications,https://freshershunt.in/citi-off-campus-drive-2026-2/
TCS All India NQT Hiring 2026 for Freshers (2024, 2025 & 2026 Batches) – Prime & Digital Profiles,https://freshershunt.in/citi-off-campus-drive-2026-2/
Swiggy Careers 2026 is hiring Freshers – Associate Software Development Engineer,https://freshershunt.in/adani-off-campus-drive-2026/
IBM Internship 2026 | Software Developer Intern | Hyderabad & Bangalore | Apply Now,https://careers.ibm.com/en_US/careers/JobDetail/Software-Developer-Intern/106370
Wipro Mega Walk-in Drive 2026 Hiring Freshers for Mapping Role (Hyderabad) – 16th to 20th Feb,https://freshershunt.in/citi-off-campus-drive-2026-2/
DRDO CAIR Internship 2026 Hiring Final Year B.E/B.Tech Students (Bangalore),https://freshershunt.in/citi-off-campus-drive-2026-2/
L&T Technology Services GET Off Campus Drive – Batch of 2025,https://www.youtube.com/watch?v=SBYRYIzOVVI
Samsung C&T Off Campus Drive 2026 Hiring freshers for Graduate Engineer Trainee – Civil (Mumbai),https://freshershunt.in/citi-off-campus-drive-2026-2/
Salesforce Off Campus Drive 2026 | Software Engineering AMTS | Hyderabad / Bangalore — Apply Now,https://salesforce.wd12.myworkdayjobs.com/en-US/External_Career_Site/job/Software-Engineering-AMTS_JR334858
Google Off Campus Drive 2026 Hiring Freshers & PhDs for Multiple Roles (Bangalore/Hyderabad),https://freshershunt.in/citi-off-campus-drive-2026-2/
CAE Hiring Freshers: Software Developer Intern & AI Automation Engineering Intern | Bengaluru,https://freshershunt.in/citi-off-campus-drive-2026-2/
Syniverse Hiring Freshers: Graduate Apprentice Trainee (Bangalore),https://freshershunt.in/ibm-careers-associate-system-engineer/
Fujitsu Off Campus Drive 2026 Hiring freshers for Apprentice (FY 2026) – Multiple Locations,https://freshershunt.in/citi-off-campus-drive-2026-2/
Capgemini Exceller Off Campus Drive 2026 Hiring Finance Graduates – Kolkata,https://freshershunt.in/citi-off-campus-drive-2026-2/
Shell Off Campus Drive 2026: Hiring freshers for Data Science Analyst (Chennai),https://freshershunt.in/citi-off-campus-drive-2026-2/
Siemens Gamesa Internship 2026: Hiring freshers for AI Intern – Rotor Performance,https://freshershunt.in/oracle-internship-2026/
Kaleris Internship 2026: Hiring freshers for Intern – Software Engineering,https://freshershunt.in/oracle-internship-2026/
Oracle Internship 2026: Hiring Student Intern (2026 Batch) | Apply Now,https://freshershunt.in/citi-off-campus-drive-2026-2/
Oracle Off Campus Drive 2026: Hiring For Software Developer 1,https://eeho.fa.us2.oraclecloud.com/hcmUI/CandidateExperience/en/sites/jobsearch/job/321672
Enterpret Hiring Software Engineer Intern: Work on AI-Native Tech (High Stipend),https://freshershunt.in/oracle-internship-2026/
Qualcomm Hiring Freshers: Engineer, Associate SW / HW (Hyderabad),https://freshershunt.in/calix-recruitment-2026/
Calix Recruitment 2026 | Graduate Trainee Cybersecurity Networking | Bangalore — Apply Now,https://calix.wd1.myworkdayjobs.com/ExternalInternational/job/Bangalore/Graduate-Trainee_R-11540
Walmart Internship 2028 | Best Software Engineering Sophomore Intern | Bangalore – Apply Now,https://walmart.wd5.myworkdayjobs.com/WalmartExternal/job/IN-KA-BANGALORE-Home-Office-PTPP1/XMLNAME--IND--Grad-Intern---No-Work-Experience_R-2511149
Amazon Off Campus Drive 2026 Hiring Software Dev Engineer,https://freshershunt.in/comcast-off-campus-drive-2026/
Unisys Off Campus Drive 2026 | Associate Engineer Systems Admin | Bangalore — Apply Now,https://unisys.wd5.myworkdayjobs.com/External/job/Bangalore-KA-India/Assoc-Eng-Syst-Admin_REQ571721-1
Infosys Off Campus Drive 2026 – Best Specialist Programmer & DSE Jobs | Up to ₹21 LPA,https://surveys.infosysapps.com/r/a/InfosysDSESPoffcampus
Invesco Off Campus Drive 2026 Hiring freshers for Graduate Engineer Trainee (Security Risk),https://freshershunt.in/calix-recruitment-2026/
Infosys Off Campus Drive 2026 – Best Specialist Programmer & DSE Jobs | Up to ₹21 LPA,https://surveys.infosysapps.com/r/a/InfosysDSESPoffcampus
IQVIA Hiring Interns: AI & Tech Solutions (1 Year Program) | Bengaluru,https://freshershunt.in/citi-off-campus-drive-2026-2/
Wipro Off Campus Drive Hiring For School of IT Infrastructure Management – 2025,https://freshershunt.in/hpe-off-campus-drive-2026/
Wipro Careers Work Integrated Learning Program (WILP) – 2024 & 2025 | FY26,https://www.youtube.com/watch?v=SBYRYIzOVVI
Infosys Springboard Pragati Program Cohort 8: Hiring freshers for Women in Tech Mentorship,https://freshershunt.in/hpe-off-campus-drive-2026/
Visa Off Campus Drive 2026 Hiring freshers for Software Engineer (2024/2025 Graduates, Java, DevOps),https://freshershunt.in/citi-off-campus-drive-2026-2/
HCLTech Mega Off-Campus Drive 2026 – Graduate Engineer Trainee / IT & Engineering Streams,https://freshershunt.in/tcs-nqt-2026/
Khatabook Internship 2026 Hiring freshers for Data Science Intern,https://freshershunt.in/citi-off-campus-drive-2026-2/
Capgemini Exceller 2025-26: Hiring Software Engineers (4 LPA),https://freshershunt.in/citi-off-campus-drive-2026-2/
Poshmark Junior Email Support 2026 | Night Shift | Chennai — Apply Now,https://poshmark.wd503.myworkdayjobs.com/Poshmark_Careers/job/Chennai-Tamil-Nadu-India/Email-Support--Night-Shift--Fresher-_R-200416
PwC Off Campus Drive 2026 Hiring freshers for Associate – Software Development,https://freshershunt.in/citi-off-campus-drive-2026-2/
ServiceNow Off Campus Drive 2026 Hiring Software Engineer,https://tinyurl.com/Google-Summer-Internship-2026
Deloitte Hiring Freshers: QA Engineer Intern (Bengaluru),https://freshershunt.in/ibm-careers-associate-system-engineer/
Rapido Internship 2026: Hiring Data Science Intern,https://freshershunt.in/citi-off-campus-drive-2026-2/
Philips Internship 2026 | Software Development Engineer Intern | Bangalore — Apply Now,https://philips.wd3.myworkdayjobs.com/en-US/jobs-and-careers/job/Bangalore/Software-Development-Engineer---Intern_580318
Oracle Careers 2026 Hiring System Engineer I (Dell EMC Networker & Cohesity),https://freshershunt.in/citi-off-campus-drive-2026-2/
American Express Hiring Freshers: Analyst – Data Science (Bengaluru),https://freshershunt.in/hpe-off-campus-drive-2026/
Sense Hiring Engineering Interns: Backend & Analytics (Bengaluru),https://freshershunt.in/hpe-off-campus-drive-2026/
Capgemini Exceller Hiring 2026: Network Engineer (Gurgaon) | 4.25 LPA,https://freshershunt.in/citi-off-campus-drive-2026-2/
Cognizant GenC Hiring 2026: Engineering Graduates (2024 & 2025 Batch) | 4 LPA,https://freshershunt.in/ibm-careers-associate-system-engineer/
IndiaMART Off Campus Drive 2026 Hiring Freshers For Tele Associate | Any graduation | Work From Home,https://freshershunt.in/citi-off-campus-drive-2026-2/
Latest Walk-in Interviews for Freshers – January 2026,https://www.naukri.com/job-listings-it-support-administrator-wipro-bengaluru-0-to-5-years-210126043346?src=cluster&sid=17690144730186575_8&xp=3&px=6&nignbevent_src=jobsearchDeskGNB
Signzy – Data Analyst intern,https://tinyurl.com/Google-Summer-Internship-2026
NVIDIA Internship – System Software Engineering Intern – Spring 2026 | Bengaluru,https://freshershunt.in/cognizant-hiring-freshers-news-analyst-role/
Cognizant Hiring Freshers: News Analyst Role | Hyderabad (Apply Now),https://freshershunt.in/realpage-internship-2026/
Caterpillar Hiring Freshers: Graduate Engineer Trainee-2 (Aurangabad),https://freshershunt.in/citi-off-campus-drive-2026-2/
Red Hat Double Hiring: Trainee Associate Software & Maintenance Engineers (Pune),https://freshershunt.in/citi-off-campus-drive-2026-2/
Sibros Hiring Software Engineer Intern: Work on Connected Vehicles (Pune),https://freshershunt.in/tcs-mba-hiring-2026/
Amber Hiring AI Product Intern: Work with Founders (Pune) | Stipend ₹25k,https://freshershunt.in/citi-off-campus-drive-2026-2/
CloudSEK Internship 2026: Hiring SDE – Backend – Intern (Bengaluru),https://freshershunt.in/citi-off-campus-drive-2026-2/
Zoho Careers 2026 is hiring Freshers Now – Software Developer,https://freshershunt.in/tcs-atlas-hiring-2026/
TCS MBA Hiring 2026: Management Trainee Recruitment (Apply Now),https://freshershunt.in/honeywell-careers-software-engineer-hiring/
EdgeVerve (Infosys) Hiring Freshers: Systems Engineer (2025 Batch),https://freshershunt.in/cognizant-hiring-freshers-news-analyst-role/
TCS BSc Ignite & Smart Hiring 2025 and 2026,https://freshershunt.in/citi-off-campus-drive-2026-2/
Stripe Careers 2026: Hiring Software Engineering, New Grad,https://tinyurl.com/Google-Summer-Internship-2026
Stripe Internship 2026: Hiring Software Engineer, Intern,https://tinyurl.com/Google-Summer-Internship-2026
Deloitte NLA 2026: National Level Assessment for Engineers (2026 Batch),https://freshershunt.in/cognizant-hiring-freshers-news-analyst-role/
Zeotap Hiring Freshers: Software Engineer Intern (6 Months) | Bangalore,https://freshershunt.in/citi-off-campus-drive-2026-2/
Dell Technologies Off Campus Drive 2026: Hiring Software Engineer 1,https://freshershunt.in/ibm-careers-associate-system-engineer/
Cognizant GenC On-Campus Drive 2026: Application Link, Exam Pattern & Salary,https://tinyurl.com/Google-Summer-Internship-2026
Amazon Careers 2026 is hiring Software Development Engineer 1,https://freshershunt.in/tcs-atlas-hiring-2026/
TCS Atlas Hiring 2026: Exclusive Drive for M.Sc & MA Freshers (Apply Now),https://freshershunt.in/citi-off-campus-drive-2026-2/
IDFC First Bank Careers 2026 is hiring Freshers- SDET,https://freshershunt.in/tcs-atlas-hiring-2026/
NNE Careers 2026 is Hiring Now Freshers – Trainee Engineer,https://freshershunt.in/citi-off-campus-drive-2026-2/
Accenture Off Campus Drive 2026 Hiring For Associate Software Engineer – ASE,https://tinyurl.com/Google-Summer-Internship-2026
Siemens Healthineers Internship 2026 | Technical Intern | Bangalore — Apply Now,https://jobs.siemens-healthineers.com/en_US/searchjobs/ApplicationMethods?folderId=501108
Pentair Careers 2026 is Hiring Graduate Trainee Engineer-1,https://freshershunt.in/citi-off-campus-drive-2026-2/
NTT Data Off Campus Drive 2025: Hiring Associate Software Development Engineer,https://www.youtube.com/watch?v=SBYRYIzOVVI
Latest Walk-in Interviews for Freshers – December 2025,https://www.naukri.com/job-listings-customer-support-representative-hcltech-chennai-0-to-0-years-301225024496?src=cluster&sid=17671108997798848_4&xp=12&px=2&nignbevent_src=jobsearchDeskGNB
Google Hiring Freshers: Silicon CAD Automation Engineer (2026 Batch),https://freshershunt.in/citi-off-campus-drive-2026-2/
Superset Varsity Off Campus Drive 2025 – Graduate Career Fair – Multiple Roles (2024,2025),https://www.youtube.com/watch?v=SBYRYIzOVVI
HCLTech Off Campus Drive 2025 Hiring Software Developer,https://tinyurl.com/Google-Summer-Internship-2026
Securonix Off Campus Drive 2025: Securothon Hiring Challenge (Freshers),https://freshershunt.in/citi-off-campus-drive-2026-2/
Invesco Off Campus Drive 2026 Hiring Graduate Engineer Trainee,https://tinyurl.com/Google-Summer-Internship-2026
Qualcomm Off Campus Drive 2025: Hiring Associate Engineer,https://www.youtube.com/watch?v=SBYRYIzOVVI
Panasonic Internship 2026 – Software Engineering Intern,https://freshershunt.in/citi-off-campus-drive-2026-2/
S&P Global Off Campus Drive 2025: Hiring Apprentice, Software Development/ Engineering,https://www.youtube.com/watch?v=SBYRYIzOVVI
IBM Off Campus Drive 2025: Hiring Associate System Engineer,https://freshershunt.in/streamline-healthcare-hiring-devops-intern/
Citi Hiring GenAI Developer: Freshers & Early Career (High Package),https://freshershunt.in/streamline-healthcare-hiring-devops-intern/
Zoho R&D Internship 2026: Hiring Freshers for Kottarakkara,https://freshershunt.in/streamline-healthcare-hiring-devops-intern/
Streamline Healthcare Hiring DevOps Interns in Bangalore: Apply Now,https://freshershunt.in/citi-off-campus-drive-2026-2/
Techknowledgy 2.0 Off Campus Drive 2026 Hiring Quality Engineer,https://tinyurl.com/Google-Summer-Internship-2026
Honeywell Off Cmapus Drive 2025: Hiring Software Engr I,https://freshershunt.in/calix-recruitment-2026/
Walmart Off Campus Drive 2025 Hiring Grad Intern – No Work Experience,https://freshershunt.in/calix-recruitment-2026/
Motorola Solutions is Hiring Interns (R60499): Why This “Hidden” Role is Better Than a Full-Time Job at TCS,https://freshershunt.in/calix-recruitment-2026/
Tower Research Capital is Hiring: The High-Paying ‘Dream Role’ Most Freshers Are Missing Out On,https://freshershunt.in/calix-recruitment-2026/
Red Hat Internship 2026 – Software Engineering Intern,https://freshershunt.in/calix-recruitment-2026/
CISCO Off Campus Drive 2026 – Software Automation Trainee,https://tinyurl.com/Google-Summer-Internship-2026
Swiggy Off Campus Drive 2025 Hiring Associate Software Development Engineer,https://tinyurl.com/Google-Summer-Internship-2026
Oracle Off Campus Drive 2025: Hiring For Software Developer 1,https://www.youtube.com/watch?v=SBYRYIzOVVI
Cognizant Work from Home opportunity News Analyst Role,https://www.youtube.com/watch?v=SBYRYIzOVVI
Google Internship Associate Software Developer Intern, 2026 (English) | Apply Now!,https://freshershunt.in/citi-off-campus-drive-2026-2/
Sprinto Internship 2025: Hiring SDET Intern,https://freshershunt.in/google-internship-associate-software-developer-intern-2026/
Sprinto Internship 2025: Hiring Fullstack Intern,https://www.youtube.com/watch?v=SBYRYIzOVVI
Rubrik Hiring for Software Engineering Winter Intern,https://freshershunt.in/citi-off-campus-drive-2026-2/
TCS iON National Qualifier Test 2025: Complete Guide!,https://www.youtube.com/watch?v=SBYRYIzOVVI
Deloitte Off Campus Drive 2025: Hiring Azure/AWS DevOps Engineer- Analyst,https://www.youtube.com/watch?v=SBYRYIzOVVI
HPE Off Campus Drive 2025: Hiring Junior Cloud Test Engineer I,https://tinyurl.com/Google-Summer-Internship-2026
Intuit Off Campus Drive 2026 Hiring Software Engineer 1,https://freshershunt.in/cognizant-hiring-freshers-news-analyst-role/
Oracle Internship 2025: Exciting Opportunities for Students & Freshers,https://www.youtube.com/watch?v=SBYRYIzOVVI
Philips – Apprentice Trainee Intern,https://tinyurl.com/Google-Summer-Internship-2026
Philips Internship 2025: Hiring for Intern,https://www.youtube.com/watch?v=SBYRYIzOVVI
Chevron Off Campus Drive 2026 | University Hire – Software Engineer,https://freshershunt.in/citi-off-campus-drive-2026-2/
MongoDB Internship 2026: Hiring For Software Engineer Intern,https://freshershunt.in/citi-off-campus-drive-2026-2/
Motorola Solutions Off Campus Drive 2025: Hiring DevOps Intern,https://www.youtube.com/watch?v=SBYRYIzOVVI
HPE Internship 2025: Hiring for Intern,https://freshershunt.in/citi-off-campus-drive-2026-2/
BCE Global Tech Off Campus Drive 2026 Hiring For Associate Engineer,https://tinyurl.com/Google-Summer-Internship-2026
Delhivery Internship 2025: Hiring Software Engineer Intern,https://tinyurl.com/Google-Summer-Internship-2026
Harman Internship 2025: Hiring Intern,https://www.youtube.com/watch?v=SBYRYIzOVVI
Latest Walk-in Interviews for Freshers – November 2025,https://www.naukri.com/job-listings-uppal-walkin-for-customer-service-roles-2nd-december-25-genpact-hyderabad-0-to-3-years-291125016253?src=cluster&sid=17645134580262748_1&xp=5&px=1&nignbevent_src=jobsearchDeskGNB
Rubrik Internship 2026 Hiring ENG Project/ Program – Intern,https://freshershunt.in/citi-off-campus-drive-2026-2/
Accenture is looking for AWS Certified Candidates (FY’25 batch) | Cloud Practitioner / Generative AI Practitioner / Cloud Developing,https://tinyurl.com/Google-Summer-Internship-2026
BrowserStack Off Campus Drive 2025 Hiring Software Development Engineer in Test -Intern Campus 2026 Graduate – Mumbai WFO,https://www.youtube.com/watch?v=SBYRYIzOVVI
Bank of America Off Campus Drive 2026 Hiring Software Engineer & Apprentice,https://freshershunt.in/citi-off-campus-drive-2026-2/
Trellix Off Campus Drive 2025: Hiring Engineering Intern,https://www.youtube.com/watch?v=SBYRYIzOVVI
Cognizant Pre-assessed hiring for Engineering graduates – GenC (2024 & 2025 batch),https://www.youtube.com/watch?v=SBYRYIzOVVI
Capgemini Off Campus Drive 2025 | Contact Support Group (CSG) | 2025 Graduates | Capgmeini Exceller,https://tinyurl.com/Google-Summer-Internship-2026
Cognizant Fresher hiring for 2025 Engineering graduates (GenC) Nov, Dec,https://www.youtube.com/watch?v=SBYRYIzOVVI
Harman Off Campus Drive 2025 Hiring ML Engineer,https://www.youtube.com/watch?v=SBYRYIzOVVI
Paypal Internship 2025: Hiring AI / ML Engineer Intern,https://tinyurl.com/Google-Summer-Internship-2026
Salesforce Off Campus Drive 2026 | Software Engineering AMTS | Hyderabad / Bangalore — Apply Now,https://salesforce.wd12.myworkdayjobs.com/en-US/External_Career_Site/job/Software-Engineering-AMTS_JR334858
Electronic Arts Internship 2026 – Software Engineer Intern,https://freshershunt.in/citi-off-campus-drive-2026-2/
Principal Off Campus Drive 2025 Hiring Software Engineer,https://www.youtube.com/watch?v=SBYRYIzOVVI
Dell Technologies Off Campus Drive 2025: Hiring Software Engineer 1,https://www.youtube.com/watch?v=SBYRYIzOVVI
HCLTech Off Campus Drive 2025 is hiring now Fresher – Software Engineer,https://www.youtube.com/watch?v=SBYRYIzOVVI
IDFC First Bank Off Campus Drive 2026: Hiring Associate Data Scientist,https://tinyurl.com/Google-Summer-Internship-2026
Societe Generale Off Campus Drive 2026 Hiring For Software Engineer,https://freshershunt.in/first-citizens-bank-hiring-apprentice-engineers-2025/?swcfpc=1
Cisco Off Campus Drive 2025: Hiring Sourcing Specialist – Bachelor’s (New Grad) – India Finance/ GPS UHR,https://freshershunt.in/first-citizens-bank-hiring-apprentice-engineers-2025/
ZOHO Off Campus Drive 2025 SRE (Site Reliability Engineering),https://freshershunt.in/first-citizens-bank-hiring-apprentice-engineers-2025/
Airbus Internship 2025: Hiring Intern Software engineer & Full Stack Intern,https://freshershunt.in/first-citizens-bank-hiring-apprentice-engineers-2025/
First Citizens Bank Hiring Apprentice Engineers 2025 | Engineering Graduates Apply Now,https://tinyurl.com/Google-Summer-Internship-2026
Netomi Internship 2026 – Intern Software Development (Java),https://tinyurl.com/Google-Summer-Internship-2026
GE Vernova Off Campus Drive 2025: Hiring Digital Technology Intern,https://www.youtube.com/watch?v=SBYRYIzOVVI
IBM Off Campus Drive 2025: Hiring Software Developer,https://www.youtube.com/watch?v=SBYRYIzOVVI
Electronic Arts Internship 2026 – UX Design Intern,https://freshershunt.in/ford-off-campus-drive-2025/
GeekyAnts Off Campus Drive 2026 Hiring DevOps Engineer- Fresher,https://freshershunt.in/ford-off-campus-drive-2025/
Ford Off Campus Drive 2025 – Software Engineer | Apply Now,https://tinyurl.com/Google-Summer-Internship-2026
Paytm Internship 2026 – Intern Talent Acquisition,https://tinyurl.com/Google-Summer-Internship-2026
Upstox Internship 2025: Hiring For SDE Intern & SDE Backend Intern,https://www.youtube.com/watch?v=SBYRYIzOVVI
NTT Data Internship 2025 Hiring For Intern / Apprentice,https://www.youtube.com/watch?v=SBYRYIzOVVI
Ciena Internship 2026 – Software Developer Intern – C++ / Java / Python,https://tinyurl.com/Google-Summer-Internship-2026
Baker Hughes Summer Internships 2026 (India) – Launch Your Career in Energy Tech,https://tinyurl.com/Google-Summer-Internship-2026
